id,player_name,games,time,goals,xG,assists,xA,shots,key_passes,yellow_cards,red_cards,position,team_title,npg,npxG,xGChain,xGBuildup,season
619,Sergio Agüero,33,2551,26,25.270175583660603,8,5.568926602602005,148,33,4,0,F S,Manchester City,21,20.703194603323936,27.805153466761112,6.87816970795393,2014/2015
617,David Silva,32,2682,12,9.096988203004003,7,10.388411475345492,66,92,8,0,M,Manchester City,12,9.096988203004003,29.14426800608635,16.633574136532843,2014/2015
878,Yaya Touré,29,2358,10,7.109346902929246,1,3.2435795087367296,89,33,5,0,M S,Manchester City,8,5.5870088106021285,26.024341113865376,20.903273252770305,2014/2015
4418,Frank Lampard,32,958,6,4.004464207217097,1,0.9529220964759588,32,15,1,0,M S,Manchester City,6,4.004464207217097,11.0393304284662,7.2932740692049265,2014/2015
489,James Milner,32,1732,5,5.722099112346768,7,4.971145084127784,39,52,6,0,F M S,Manchester City,5,5.722099112346768,15.702085828408599,8.751345762982965,2014/2015
1524,Stevan Jovetic,17,791,5,3.329762941226363,3,1.8126017600297928,38,15,0,0,F M S,Manchester City,5,3.329762941226363,6.67377707362175,3.645845824852586,2014/2015
1253,Edin Dzeko,22,928,4,3.9745049700140953,2,1.3088596984744072,43,11,1,0,F S,Manchester City,4,3.9745049700140953,6.803931999951601,2.6693635024130344,2014/2015
614,Fernandinho,33,2283,3,2.406892266124487,3,2.6950497990474105,24,30,7,0,M S,Manchester City,3,2.406892266124487,13.146947138011456,9.671797774732113,2014/2015
615,Fernando,25,1886,2,1.6811583247035742,2,1.577612780034542,10,13,6,0,M S,Manchester City,2,1.6811583247035742,11.181313641369343,9.973447944968939,2014/2015
621,Aleksandar Kolarov,21,1483,2,1.0622944999486208,3,1.7350498177111149,27,23,4,0,D S,Manchester City,2,1.0622944999486208,6.37588469684124,5.423418182879686,2014/2015
622,Wilfried Bony,10,292,2,2.6391233149915934,1,1.1653639767318964,23,7,1,0,F S,Manchester City,2,2.6391233149915934,4.259955383837223,1.4059314280748367,2014/2015
877,Samir Nasri,24,1596,2,2.478832798078656,6,4.465053537860513,34,52,5,0,M S,Manchester City,2,2.478832798078656,12.835811033844948,8.548643369227648,2014/2015
610,Pablo Zabaleta,29,2590,1,1.3584490865468979,4,3.7550920881330967,12,26,6,1,D,Manchester City,1,1.3584490865468979,16.997090798802674,14.821173903532326,2014/2015
613,Gaël Clichy,23,2060,1,1.0792678203433752,3,2.3040307015180588,8,26,1,0,D,Manchester City,1,1.0792678203433752,10.75069685652852,8.595539764501154,2014/2015
623,Martín Demichelis,31,2554,1,0.38149650022387505,0,0.26282710395753384,8,5,6,0,D S,Manchester City,1,0.38149650022387505,10.527683798223734,10.460409764200449,2014/2015
609,Joe Hart,36,3240,0,0,0,0,0,0,1,0,GK,Manchester City,0,0,4.489314075559378,4.489314075559378,2014/2015
612,Vincent Kompany,25,2035,0,0.32860000617802143,0,0.8567279204726219,6,4,7,0,D S,Manchester City,0,0.32860000617802143,8.872338181361556,8.623441951349378,2014/2015
616,Jesús Navas,35,2237,0,3.6824576891958714,8,8.588478625752032,45,80,3,0,M S,Manchester City,0,3.6824576891958714,20.13798002526164,11.621539701707661,2014/2015
624,Willy Caballero,2,180,0,0,0,0,0,0,0,0,GK,Manchester City,0,0,0.20175950229167938,0.20175950229167938,2014/2015
625,Bacary Sagna,9,736,0,0.020587900653481483,0,0.7601554878056049,1,9,1,0,D S,Manchester City,0,0.020587900653481483,3.730943735688925,3.335897769778967,2014/2015
626,Eliaquim Mangala,25,2188,0,0.8735053883865476,2,1.0379029847681522,14,5,3,1,D S,Manchester City,0,0.8735053883865476,7.1373283341526985,7.0293374340981245,2014/2015
679,Scott Sinclair,2,2,0,0,0,0,0,0,0,0,S,Manchester City,0,0,0,0,2014/2015
4468,Dedryck Boyata,2,91,0,0,0,0,0,0,1,0,D S,Manchester City,0,0,0.23568500578403473,0.23568500578403473,2014/2015
4485,José Pozo,3,141,0,0.5196045003831387,0,0.18190999329090118,3,2,0,0,F S,Manchester City,0,0.5196045003831387,0.6281039863824844,0.030911600217223167,2014/2015
619,Sergio Agüero,30,2399,24,20.077226005494595,2,2.0287595679983497,119,27,1,0,F S,Manchester City,20,16.271372936666012,18.786800522357225,3.9259592220187187,2015/2016
620,Kelechi Iheanacho,26,727,8,4.937837693840265,1,1.5855757798999548,28,14,1,0,F M S,Manchester City,8,4.937837693840265,6.360714611597359,1.1206862023100257,2015/2016
447,Kevin De Bruyne,25,2006,7,4.308095835149288,9,8.33203162252903,49,81,2,0,M S,Manchester City,7,4.308095835149288,16.136462956666946,8.064566018991172,2015/2016
618,Raheem Sterling,31,1943,6,7.149213088676333,2,3.246622446924448,52,35,1,0,F M S,Manchester City,6,7.149213088676333,14.019074592739344,4.698837177827954,2015/2016
878,Yaya Touré,32,2345,6,5.663291418924928,5,4.417276362888515,77,44,3,0,M S,Manchester City,5,4.902123415842652,13.864018429070711,8.840408202260733,2015/2016
622,Wilfried Bony,26,1203,4,6.749876271001995,3,2.988756734877825,60,13,1,0,F S,Manchester City,4,5.988702247850597,8.198028582148254,1.1061074063181877,2015/2016
621,Aleksandar Kolarov,29,2282,3,2.389820823445916,3,2.884808447211981,39,38,3,0,D S,Manchester City,3,1.6286518070846796,8.196380902081728,6.378136694431305,2015/2016
612,Vincent Kompany,14,1179,2,0.4174300068989396,0,0.08134989906102419,11,3,5,0,D S,Manchester City,2,0.4174300068989396,2.9507625503465533,2.9168542586266994,2015/2016
614,Fernandinho,33,2736,2,1.23233259934932,2,2.5116884037852287,29,29,8,0,M S,Manchester City,2,1.23233259934932,12.033709781244397,10.304349169135094,2015/2016
615,Fernando,24,1703,2,2.8968158289790154,0,0.3292692955583334,15,8,4,0,M S,Manchester City,2,2.8968158289790154,4.508109111338854,4.396472107619047,2015/2016
617,David Silva,24,1818,2,2.598524495959282,11,4.727522297762334,29,67,1,0,M S,Manchester City,2,2.598524495959282,11.535076109692454,7.523192688822746,2015/2016
876,Fabian Delph,17,753,2,0.30059099942445755,0,0.42607941292226315,13,2,0,0,M S,Manchester City,2,0.30059099942445755,2.4887941433116794,1.8802404375746846,2015/2016
877,Samir Nasri,12,520,2,2.637317957356572,2,0.9286920242011547,14,10,3,0,M S,Manchester City,2,2.637317957356572,4.427332343533635,1.7196574099361897,2015/2016
611,Nicolás Otamendi,30,2673,1,0.9926669923588634,0,0.628144808113575,27,5,9,0,D,Manchester City,1,0.9926669923588634,6.772215612232685,6.60351499542594,2015/2016
609,Joe Hart,35,3112,0,0,0,0.6797931017354131,0,2,0,0,GK,Manchester City,0,0,5.089670866727829,4.409875899553299,2015/2016
610,Pablo Zabaleta,13,1061,0,0.17769970186054707,1,0.633639819920063,3,2,3,0,D S,Manchester City,0,0.17769970186054707,5.072045736946166,4.851451889611781,2015/2016
613,Gaël Clichy,14,1090,0,0.03815829940140247,1,1.0334121156483889,2,12,0,0,D S,Manchester City,0,0.03815829940140247,4.198116481304169,3.6662389133125544,2015/2016
616,Jesús Navas,34,2283,0,2.952996770851314,7,5.385789071209729,31,54,1,0,M S,Manchester City,0,2.952996770851314,14.596691430546343,8.656342074275017,2015/2016
623,Martín Demichelis,20,999,0,0.29870820976793766,0,0.38325950130820274,5,4,3,0,D S,Manchester City,0,0.29870820976793766,3.0463088527321815,2.663048978894949,2015/2016
624,Willy Caballero,4,308,0,0,0,0,0,0,0,0,GK S,Manchester City,0,0,0.34738520439714193,0.34738520439714193,2015/2016
625,Bacary Sagna,28,2449,0,0.1598246991634369,3,2.814246805384755,5,27,4,0,D S,Manchester City,0,0.1598246991634369,9.474531022831798,8.551232373341918,2015/2016
626,Eliaquim Mangala,23,2017,0,1.6006391737610102,0,0,7,0,8,0,D,Manchester City,0,1.6006391737610102,5.0766726695001125,5.0766726695001125,2015/2016
906,Manu García,1,9,0,0,0,0,0,0,0,0,S,Manchester City,0,0,0,0,2015/2016
925,Patrick Roberts,1,3,0,0,0,0,0,0,0,0,S,Manchester City,0,0,0,0,2015/2016
1054,Bersant Celina,1,11,0,0,1,0.25564199686050415,0,2,0,0,S,Manchester City,0,0,0.08173099905252457,0.08173099905252457,2015/2016
619,Sergio Agüero,31,2408,20,22.672587677836418,3,4.665909027680755,139,31,4,1,F S,Manchester City,16,18.86673802882433,25.352086670696735,5.026675033383071,2016/2017
618,Raheem Sterling,33,2532,7,8.106005489826202,6,5.496264124289155,64,46,7,0,F M S,Manchester City,7,8.106005489826202,18.46257404051721,6.7552114222198725,2016/2017
5543,Gabriel Jesus,10,649,7,7.243854932487011,4,1.890662670135498,24,10,2,0,F M S,Manchester City,6,6.48272293061018,8.800843104720116,1.1323138177394867,2016/2017
447,Kevin De Bruyne,36,2893,6,6.771996311843395,18,15.888654900714755,86,103,4,0,F M S,Manchester City,6,6.010865323245525,28.54269857145846,15.754017719998956,2016/2017
337,Leroy Sané,26,1793,5,5.820728005841374,3,5.704544333741069,33,35,4,0,F M S,Manchester City,5,5.820728005841374,14.744566721841693,6.49314147606492,2016/2017
878,Yaya Touré,25,1955,5,3.702670432627201,0,1.1150561925023794,32,19,4,0,M S,Manchester City,3,2.1803329065442085,11.302313722670078,10.284955695271492,2016/2017
617,David Silva,34,2775,4,6.241526518017054,7,8.11968045681715,48,82,6,0,F M S,Manchester City,4,6.241526518017054,25.774784959852695,15.932340640574694,2016/2017
620,Kelechi Iheanacho,20,515,4,4.739896599203348,3,2.534386456012726,22,13,0,0,F S,Manchester City,4,4.739896599203348,7.544516956433654,2.492477960884571,2016/2017
1732,Nolito,19,786,4,3.989437036216259,2,1.4063788950443268,32,13,3,1,F M S,Manchester City,4,3.989437036216259,8.056466039270163,3.6412904001772404,2016/2017
314,Ilkay Gündogan,10,717,3,1.921189139597118,1,0.9761678762733936,16,12,0,0,M S,Manchester City,3,1.921189139597118,6.541459213942289,4.147721093147993,2016/2017
612,Vincent Kompany,11,826,3,0.6902353912591934,0,0.5746745243668556,9,2,5,0,D S,Manchester City,3,0.6902353912591934,2.4782427847385406,2.434142768383026,2016/2017
614,Fernandinho,32,2752,2,3.2935858806595206,1,2.4662297070026398,36,33,4,2,D M S,Manchester City,2,3.2935858806595206,16.815134800970554,13.908864980563521,2016/2017
610,Pablo Zabaleta,20,1055,1,0.6953417919576168,1,0.45518549997359514,7,11,2,0,D M S,Manchester City,1,0.6953417919576168,6.211660511791706,5.194827519357204,2016/2017
611,Nicolás Otamendi,30,2588,1,1.0554080856963992,1,1.1595253236591816,15,6,9,0,D S,Manchester City,1,1.0554080856963992,11.596422753296793,11.425041644833982,2016/2017
613,Gaël Clichy,25,2127,1,0.03328350093215704,0,0.9297903496772051,2,16,2,0,D M S,Manchester City,1,0.03328350093215704,13.328611880540848,12.413365446031094,2016/2017
621,Aleksandar Kolarov,29,2532,1,1.0232505835592747,1,1.0573674039915204,32,15,6,0,D S,Manchester City,1,1.0232505835592747,13.291690073907375,12.658333454281092,2016/2017
876,Fabian Delph,7,216,1,0.22627899423241615,0,0.36103289760649204,6,2,1,0,M S,Manchester City,1,0.22627899423241615,1.5493250042200089,1.3133180141448975,2016/2017
586,John Stones,27,2011,0,1.4638394135981798,0,0.2321748984977603,13,4,1,0,D S,Manchester City,0,1.4638394135981798,7.781384969130158,7.582047963514924,2016/2017
615,Fernando,15,547,0,0.10354200005531311,0,0.15973850712180138,2,3,3,0,D M S,Manchester City,0,0.10354200005531311,2.999322634190321,2.799349159002304,2016/2017
616,Jesús Navas,24,1053,0,0.22975849825888872,0,2.4299806505441666,8,21,2,0,D F M S,Manchester City,0,0.22975849825888872,7.422237370163202,5.563046135008335,2016/2017
624,Willy Caballero,17,1450,0,0,0,0,0,0,0,0,GK S,Manchester City,0,0,2.995119832456112,2.995119832456112,2016/2017
625,Bacary Sagna,17,1341,0,0.07170174922794104,1,0.6896925009787083,4,8,2,0,D S,Manchester City,0,0.07170174922794104,5.571021547541022,5.356048097833991,2016/2017
877,Samir Nasri,1,13,0,0.5359929800033569,0,0.1074799969792366,3,1,0,0,S,Manchester City,0,0.5359929800033569,0.9224929809570312,0.2790200114250183,2016/2017
1055,Aleix García,4,72,0,0,0,0.012562699615955353,0,1,0,0,M S,Manchester City,0,0,1.4308868926018476,1.4308868926018476,2016/2017
1731,Claudio Bravo,22,1970,0,0,0,0,0,0,0,0,GK,Manchester City,0,0,3.065899409353733,3.065899409353733,2016/2017
619,Sergio Agüero,25,1985,21,18.568616069853306,6,6.533231791108847,95,39,2,0,F S,Manchester City,17,15.523945644497871,23.707817398011684,7.5127200009301305,2017/2018
618,Raheem Sterling,33,2594,18,18.82997048087418,11,8.844120325520635,87,55,3,1,F S,Manchester City,17,18.068801494315267,33.65670891478658,12.149654759094119,2017/2018
5543,Gabriel Jesus,29,1692,13,15.36618173867464,3,2.307676523923874,55,18,6,0,F S,Manchester City,13,13.843847759068012,20.5614745169878,6.514695975929499,2017/2018
337,Leroy Sané,32,2421,10,6.241070871241391,15,9.04887949116528,56,58,4,0,D F M S,Manchester City,10,6.241070871241391,19.68400301411748,11.898684792220592,2017/2018
617,David Silva,29,2442,9,9.241167284548283,11,8.827983185648918,54,61,5,0,M S,Manchester City,9,9.241167284548283,30.254950737580657,18.981360713019967,2017/2018
447,Kevin De Bruyne,37,3103,8,5.40172931086272,16,13.101718165911734,93,105,2,0,M S,Manchester City,8,5.40172931086272,33.50092287361622,22.899969128891826,2017/2018
3635,Bernardo Silva,35,1500,6,4.527405306696892,4,3.0583874695003033,25,30,0,0,F S,Manchester City,6,4.527405306696892,15.460779877379537,9.751076810061932,2017/2018
614,Fernandinho,34,2890,5,2.466341315768659,3,2.843062289059162,47,21,7,0,M S,Manchester City,5,2.466341315768659,25.390074506402016,22.237682927399874,2017/2018
314,Ilkay Gündogan,30,1504,4,3.583664510399103,1,2.348830319941044,35,21,3,0,M S,Manchester City,3,2.8224959895014763,14.065661202184856,10.724260763265193,2017/2018
611,Nicolás Otamendi,34,2975,4,3.190081707201898,0,1.1602247087284923,32,12,9,0,D S,Manchester City,4,3.190081707201898,19.018252965062857,17.797392796725035,2017/2018
2244,Danilo,23,1338,3,1.246730917133391,2,0.19109180197119713,19,5,2,0,D M S,Manchester City,3,1.246730917133391,14.04324758052826,12.889892593026161,2017/2018
612,Vincent Kompany,17,1401,1,1.020152511075139,1,0.40822980646044016,9,4,6,0,D,Manchester City,1,1.020152511075139,10.810240657068789,10.643547595478594,2017/2018
876,Fabian Delph,22,1747,1,0.19954200088977814,2,1.313318818807602,10,11,2,0,D M S,Manchester City,1,0.19954200088977814,14.307673294097185,13.989248339086771,2017/2018
586,John Stones,18,1310,0,1.3271582154557109,0,0,11,0,0,0,D S,Manchester City,0,1.3271582154557109,10.52970838919282,10.457343373447657,2017/2018
626,Eliaquim Mangala,9,471,0,0.08104660362005234,0,0.015775300562381744,1,1,0,0,D S,Manchester City,0,0.08104660362005234,3.0655395090579987,3.049764208495617,2017/2018
638,Kyle Walker,32,2792,0,0.7181962039321661,6,4.840455614030361,13,30,2,1,D M,Manchester City,0,0.7181962039321661,23.751910287886858,20.828323308378458,2017/2018
878,Yaya Touré,10,209,0,0.3550802022218704,2,0.7849329859018326,5,7,1,0,M S,Manchester City,0,0.3550802022218704,2.4291389659047127,2.165271021425724,2017/2018
1731,Claudio Bravo,3,225,0,0,0,0,0,0,0,0,GK S,Manchester City,0,0,0.05785829946398735,0.05785829946398735,2017/2018
2498,Aymeric Laporte,9,808,0,0.07802070025354624,0,0.13911429978907108,3,2,1,0,D,Manchester City,0,0.07802070025354624,5.3426550552248955,5.125519059598446,2017/2018
2958,Oleksandr Zinchenko,8,534,0,0.09079299680888653,0,0.35242010094225407,5,8,1,0,D S,Manchester City,0,0.09079299680888653,3.20258629322052,3.0983963422477245,2017/2018
3389,Benjamin Mendy,7,357,0,0.12371980119496584,1,0.9633522108197212,5,9,2,0,D M S,Manchester City,0,0.12371980119496584,2.8920828215777874,2.093851998448372,2017/2018
6054,Ederson,36,3195,0,0,0,0.03262510150671005,0,1,0,0,GK,Manchester City,0,0,8.560575477778912,8.52795047312975,2017/2018
6055,Phil Foden,5,41,0,0,1,0.4896077960729599,0,2,0,0,S,Manchester City,0,0,0.8641107827425003,0.3745029866695404,2017/2018
6421,Brahim Diaz,5,40,0,0.49375298619270325,0,0,3,0,0,0,S,Manchester City,0,0.49375298619270325,0.5121960863471031,0.018443100154399872,2017/2018
6544,Lukas Nmecha,2,8,0,0,0,0,0,0,0,0,S,Manchester City,0,0,0,0,2017/2018
619,Sergio Agüero,33,2515,21,19.949161492288113,8,5.22924355044961,118,34,3,0,F S,Manchester City,19,18.42682258039713,28.700228951871395,8.10099308937788,2018/2019
618,Raheem Sterling,34,2788,17,15.90765044093132,10,10.792032338678837,77,66,3,0,F M S,Manchester City,17,15.90765044093132,33.021934136748314,12.632532268762589,2018/2019
337,Leroy Sané,31,1866,10,6.9819496013224125,10,8.101670009084046,56,40,1,0,F M S,Manchester City,10,6.9819496013224125,21.354021787643433,10.558318005874753,2018/2019
750,Riyad Mahrez,27,1333,7,6.61693406291306,4,5.006450802087784,54,24,0,0,F M S,Manchester City,7,5.855765061452985,14.370971381664276,6.827348282560706,2018/2019
3635,Bernardo Silva,36,2851,7,8.196722293272614,7,8.63292901776731,62,71,3,0,F M S,Manchester City,7,8.196722293272614,29.931430093944073,16.89149523898959,2018/2019
5543,Gabriel Jesus,29,993,7,12.621455237269402,3,2.651642894372344,43,21,1,0,F S,Manchester City,6,11.860289201140404,16.59241919964552,4.99089097417891,2018/2019
314,Ilkay Gündogan,31,2133,6,4.213995475322008,3,4.967496044933796,43,43,3,0,M S,Manchester City,6,4.213995475322008,19.06554689258337,15.749675698578358,2018/2019
617,David Silva,33,2426,6,8.128262622281909,8,10.113781478255987,51,73,3,0,M S,Manchester City,6,8.128262622281909,30.807653691619635,18.846598675474524,2018/2019
2498,Aymeric Laporte,35,3059,3,3.7521955305710435,3,0.8390768077224493,26,13,3,0,D S,Manchester City,3,3.7521955305710435,22.0732327606529,21.05890560336411,2018/2019
447,Kevin De Bruyne,19,965,2,1.4742405684664845,2,6.654018055647612,31,36,2,0,M S,Manchester City,2,1.4742405684664845,12.202191635966301,8.481837928295135,2018/2019
612,Vincent Kompany,17,1221,1,0.24023419804871082,0,0.07192529737949371,5,1,6,0,D S,Manchester City,1,0.24023419804871082,8.014269940555096,7.911121018230915,2018/2019
614,Fernandinho,29,2397,1,1.7180062113329768,3,3.1326729878783226,30,22,5,0,D M S,Manchester City,1,1.7180062113329768,19.328523859381676,17.583873890340328,2018/2019
638,Kyle Walker,33,2774,1,0.731842796318233,1,1.9359694560989738,21,24,3,0,D S,Manchester City,1,0.731842796318233,18.515535973012447,17.58539743721485,2018/2019
2244,Danilo,11,806,1,0.41777010075747967,0,0.12601689621806145,14,4,1,0,D S,Manchester City,1,0.41777010075747967,8.112218901515007,7.764467999339104,2018/2019
6055,Phil Foden,13,316,1,2.24975498765707,0,1.0727550070732832,14,8,0,0,M S,Manchester City,1,2.24975498765707,4.340557379648089,1.7484888900071383,2018/2019
586,John Stones,24,1763,0,0.15878779906779528,0,0.2179630994796753,5,5,1,0,D M S,Manchester City,0,0.15878779906779528,10.331681538373232,10.240312475711107,2018/2019
611,Nicolás Otamendi,18,1233,0,1.1752215111628175,0,0.2891284003853798,15,2,1,0,D S,Manchester City,0,1.1752215111628175,8.132093070074916,7.953523067757487,2018/2019
876,Fabian Delph,11,723,0,0.0698102992027998,1,0.38566290587186813,4,3,1,1,D S,Manchester City,0,0.0698102992027998,4.9016905054450035,4.826938599348068,2018/2019
2958,Oleksandr Zinchenko,14,1153,0,0.20922029856592417,3,1.717051662504673,7,12,1,0,D M,Manchester City,0,0.20922029856592417,9.430881664156914,8.520946681499481,2018/2019
3389,Benjamin Mendy,10,900,0,0.22571569867432117,5,2.0475861160084605,7,12,1,0,D M,Manchester City,0,0.22571569867432117,8.096015021204948,6.811547979712486,2018/2019
6054,Ederson,38,3420,0,0,1,0.07219650037586689,0,3,2,0,GK,Manchester City,0,0,7.599133571609855,7.549606351181865,2018/2019
618,Raheem Sterling,33,2678,20,19.799912065267563,1,7.208590239286423,100,48,5,0,F M S,Manchester City,20,18.277569144964218,31.442028179764748,10.186004303395748,2019/2020
619,Sergio Agüero,24,1462,16,15.557497031986713,3,2.920210164040327,76,19,1,0,F S,Manchester City,14,13.274028159677982,16.878257554024458,2.6447667879983783,2019/2020
447,Kevin De Bruyne,35,2818,14,8.106427356600761,20,20.620712891221046,100,133,3,0,M S,Manchester City,12,6.5840903371572495,37.79830400645733,19.244827073067427,2019/2020
5543,Gabriel Jesus,34,2022,14,21.01520355977118,7,3.5988585241138935,101,32,3,0,F S,Manchester City,14,20.254034588113427,27.65223414450884,7.181312914937735,2019/2020
750,Riyad Mahrez,33,1938,11,8.649655694141984,9,11.059849355369806,74,60,0,0,F M S,Manchester City,10,7.888486390933394,27.765530444681644,13.285876329988241,2019/2020
3635,Bernardo Silva,34,2020,6,7.420338202267885,7,6.312828056514263,52,51,5,0,F M S,Manchester City,6,7.420338202267885,23.837779246270657,14.727361917495728,2019/2020
617,David Silva,27,1846,5,6.932368505746126,10,7.650991026312113,46,49,0,0,M S,Manchester City,5,6.932368505746126,24.6870179772377,12.764222756028175,2019/2020
6055,Phil Foden,23,888,5,3.556827375665307,2,1.5590799991041422,34,18,0,0,F M S,Manchester City,5,3.556827375665307,9.372161615639925,5.848771080374718,2019/2020
2496,Rodri,35,2488,3,0.7440792061388493,2,2.910294508561492,24,33,8,0,D M S,Manchester City,3,0.7440792061388493,22.697251569479704,21.21717146784067,2019/2020
314,Ilkay Gündogan,31,2006,2,4.346704069525003,1,2.919196816161275,32,34,7,0,M S,Manchester City,1,2.8244022112339735,19.26157533749938,15.24622729793191,2019/2020
611,Nicolás Otamendi,24,1705,2,2.0548217091709375,0,0.1775842010974884,15,4,3,0,D S,Manchester City,2,2.0548217091709375,10.63933565095067,10.601855654269457,2019/2020
638,Kyle Walker,29,2407,1,1.3122373102232814,4,1.9309353735297918,14,19,5,0,D S,Manchester City,1,1.3122373102232814,17.875285930931568,16.14107497781515,2019/2020
2498,Aymeric Laporte,15,1112,1,0.7192277908325195,0,0.17903700098395348,4,3,1,0,D S,Manchester City,1,0.7192277908325195,7.432041570544243,7.252393588423729,2019/2020
337,Leroy Sané,1,6,0,0.0981592983007431,0,0,2,0,0,0,S,Manchester City,0,0.0981592983007431,0.17216899991035461,0.12103500217199326,2019/2020
586,John Stones,16,1114,0,0.5476329140365124,0,0.06062990054488182,6,2,0,0,D S,Manchester City,0,0.5476329140365124,6.485635861754417,6.46672286093235,2019/2020
614,Fernandinho,30,2401,0,0.7617601957172155,1,0.4479130953550339,16,8,7,2,D M S,Manchester City,0,0.7617601957172155,16.46185427904129,16.192967295646667,2019/2020
1040,Angelino,6,417,0,0.2092329002916813,0,1.9232037886977196,5,9,1,0,D S,Manchester City,0,0.2092329002916813,2.7633529901504517,2.369253024458885,2019/2020
1731,Claudio Bravo,4,347,0,0,0,0,0,0,0,0,GK S,Manchester City,0,0,0.7041245102882385,0.7041245102882385,2019/2020
2379,João Cancelo,17,1198,0,0.5605656001716852,0,2.9995753997936845,15,17,4,0,D S,Manchester City,0,0.5605656001716852,14.226686300709844,11.60988806374371,2019/2020
2958,Oleksandr Zinchenko,19,1265,0,0.4770019007846713,0,2.0930051282048225,16,20,0,1,D S,Manchester City,0,0.4770019007846713,10.344594731926918,9.809204554185271,2019/2020
3389,Benjamin Mendy,19,1508,0,0.3174634035676718,3,1.6260080877691507,10,21,3,0,D S,Manchester City,0,0.3174634035676718,10.95017634704709,10.008164498955011,2019/2020
6054,Ederson,35,3071,0,0,0,0.07479359954595566,0,1,3,1,GK,Manchester City,0,0,8.338198896497488,8.26340490207076,2019/2020
8045,Eric Garcia,13,780,0,0.6039479970932007,0,0.22260919585824013,2,2,1,0,D S,Manchester City,0,0.6039479970932007,4.964903242886066,4.964903242886066,2019/2020
8496,Tommy Doyle,1,13,0,0.07760050147771835,0,0,1,0,0,0,S,Manchester City,0,0.07760050147771835,0.07760050147771835,0,2019/2020
314,Ilkay Gündogan,28,2033,13,9.566889390349388,2,3.8162214383482933,54,42,1,0,M S,Manchester City,12,8.044548198580742,19.286807842552662,10.148369457572699,2020/2021
618,Raheem Sterling,31,2539,10,12.050680804997683,7,6.628709137439728,70,39,4,0,F M S,Manchester City,10,11.28951171785593,25.88370618596673,12.173164084553719,2020/2021
750,Riyad Mahrez,27,1961,9,6.232445145025849,6,6.086521776393056,58,45,0,0,F M S,Manchester City,9,6.232445145025849,18.846322424709797,9.170802794396877,2020/2021
5543,Gabriel Jesus,29,2053,9,9.653350956737995,4,3.549695127643645,55,31,2,0,F M S,Manchester City,9,9.653350956737995,17.878482265397906,6.2336467280983925,2020/2021
6055,Phil Foden,28,1606,9,6.083392720669508,5,4.749280586838722,45,36,0,0,F M S,Manchester City,9,6.083392720669508,13.835046902298927,5.486509682610631,2020/2021
6441,Ferrán Torres,24,1305,7,5.728712034411728,2,2.2024257499724627,36,18,1,0,F M S,Manchester City,7,5.728712034411728,10.003002636134624,2.9583604130893946,2020/2021
447,Kevin De Bruyne,25,2008,6,9.983444157987833,12,10.958204975351691,81,79,1,0,M S,Manchester City,4,7.699938114732504,22.516895599663258,11.297135788947344,2020/2021
586,John Stones,22,1933,4,2.501299239695072,0,0.046839602291584015,15,2,0,1,D,Manchester City,4,2.501299239695072,10.388180335983634,10.288510343059897,2020/2021
619,Sergio Agüero,12,556,4,3.716518983244896,1,1.315659997984767,19,7,0,0,F M S,Manchester City,3,2.1941805984824896,4.1585718132555485,1.2831721864640713,2020/2021
2379,João Cancelo,28,2309,2,1.8656361103057861,3,5.177639778703451,35,45,5,1,D M S,Manchester City,2,1.8656361103057861,18.10572186857462,14.480543030425906,2020/2021
2496,Rodri,34,2751,2,2.659903080202639,2,2.3353829346597195,32,33,6,0,M S,Manchester City,1,1.8987347027286887,20.857336901128292,18.96581632643938,2020/2021
3389,Benjamin Mendy,13,955,2,0.33414069935679436,1,0.3014400042593479,6,5,2,0,D M S,Manchester City,2,0.33414069935679436,2.7691371738910675,2.3486030250787735,2020/2021
3635,Bernardo Silva,26,2080,2,3.598813336342573,6,4.82339084893465,28,27,5,0,F M S,Manchester City,2,3.598813336342573,17.112391721457243,10.653524532914162,2020/2021
579,Nathan Aké,10,802,1,0.5053185075521469,0,0.017229299992322922,3,1,4,0,D S,Manchester City,1,0.5053185075521469,4.211260549724102,4.194031249731779,2020/2021
638,Kyle Walker,24,1944,1,0.20440489519387484,1,0.4997862037271261,10,8,1,0,D S,Manchester City,1,0.20440489519387484,10.604215674102306,10.206439010798931,2020/2021
8961,Rúben Dias,32,2848,1,1.9530212916433811,0,0.10559620335698128,14,3,4,0,D,Manchester City,1,1.9530212916433811,16.681801982223988,16.56010902673006,2020/2021
614,Fernandinho,21,1170,0,0.8150820014998317,2,1.5401166006922722,14,14,6,0,M S,Manchester City,0,0.8150820014998317,8.776915058493614,7.831784226000309,2020/2021
2498,Aymeric Laporte,16,1335,0,0.8423398248851299,0,0.5778952986001968,6,5,1,0,D S,Manchester City,0,0.8423398248851299,6.2438118904829025,6.2438118904829025,2020/2021
2958,Oleksandr Zinchenko,20,1473,0,0.6606589006260037,0,1.0854992978274822,16,15,0,0,D M S,Manchester City,0,0.6606589006260037,9.494372241199017,8.718505561351776,2020/2021
6054,Ederson,36,3240,0,0,1,0.3033579885959625,0,1,3,0,GK,Manchester City,0,0,7.629849426448345,7.326491840183735,2020/2021
7817,Zack Steffen,1,90,0,0,0,0,0,0,0,0,GK,Manchester City,0,0,0.34973499178886414,0.34973499178886414,2020/2021
8045,Eric Garcia,6,378,0,0.07463670149445534,0,0.00832298956811428,2,1,0,0,D S,Manchester City,0,0.07463670149445534,0.8594749793410301,0.7848389744758606,2020/2021
8158,Scott Carson,1,90,0,0,0,0,0,0,0,0,GK,Manchester City,0,0,0,0,2020/2021
8868,Liam Delap,1,39,0,0.06408520042896271,0,0,1,0,0,0,S,Manchester City,0,0.06408520042896271,0.06408520042896271,0,2020/2021
447,Kevin De Bruyne,30,2214,15,5.9499644339084625,8,11.260171007364988,78,87,2,0,M S,Manchester City,15,5.9499644339084625,20.317838434129953,9.413898749276996,2021/2022
618,Raheem Sterling,30,2119,13,15.778131879866123,5,5.0249252915382385,58,42,1,0,F M S,Manchester City,11,13.494622506201267,23.09551438316703,9.66558362543583,2021/2022
750,Riyad Mahrez,28,1468,11,10.123590916395187,5,3.9328212067484856,61,40,0,0,F M S,Manchester City,7,6.317741796374321,14.36690728366375,6.279024379327893,2021/2022
6055,Phil Foden,28,2141,9,9.263244736939669,5,6.833732463419437,57,40,1,0,F M S,Manchester City,9,9.263244736939669,19.274442739784718,6.218504663556814,2021/2022
314,Ilkay Gündogan,27,1852,8,9.720699042081833,4,4.720962079241872,55,37,1,0,M S,Manchester City,8,9.720699042081833,21.329152438789606,8.763398695737123,2021/2022
3635,Bernardo Silva,35,2865,8,7.771977653726935,4,6.567136766389012,48,59,6,0,F M S,Manchester City,8,7.771977653726935,25.98423945903778,14.36224857904017,2021/2022
5543,Gabriel Jesus,28,1885,8,10.153561741113663,8,5.913651751354337,64,38,1,0,F M S,Manchester City,7,9.392391830682755,19.491168478503823,6.3471613842993975,2021/2022
2496,Rodri,33,2901,7,2.718254609964788,2,1.552179705351591,45,27,5,0,M,Manchester City,7,2.718254609964788,26.259763911366463,23.955900110304356,2021/2022
2498,Aymeric Laporte,33,2848,4,4.454536762088537,0,0.6116274017840624,35,9,5,1,D,Manchester City,4,4.454536762088537,18.63745391741395,18.220567310228944,2021/2022
675,Jack Grealish,26,1929,3,5.53242839500308,3,5.456195579841733,44,52,3,0,F M S,Manchester City,3,5.53242839500308,18.398098289966583,9.633637011051178,2021/2022
579,Nathan Aké,14,920,2,1.3034928366541862,0,0.6172760128974915,5,2,0,0,D S,Manchester City,2,1.3034928366541862,4.634195636957884,4.634195636957884,2021/2022
614,Fernandinho,19,943,2,1.6060919929295778,1,1.3410828318446875,18,10,1,0,D M S,Manchester City,2,1.6060919929295778,6.324194855988026,5.782822389155626,2021/2022
6441,Ferrán Torres,4,308,2,2.512162998318672,1,0.02164440043270588,13,1,0,0,F,Manchester City,2,2.512162998318672,2.4304743483662605,1.1770952492952347,2021/2022
8961,Rúben Dias,29,2403,2,2.535038208588958,4,3.157990090548992,18,16,5,0,D S,Manchester City,2,2.535038208588958,16.94047772884369,16.11795637756586,2021/2022
586,John Stones,14,1114,1,1.2149109998717904,0,0.16263149864971638,9,4,0,0,D S,Manchester City,1,1.2149109998717904,6.591381952166557,6.4356369972229,2021/2022
2379,João Cancelo,36,3233,1,4.5441226018592715,7,6.009325062856078,81,39,7,0,D,Manchester City,1,4.5441226018592715,26.887531492859125,21.152140021324158,2021/2022
638,Kyle Walker,20,1759,0,0.2224772945046425,2,1.455245791003108,8,11,1,0,D,Manchester City,0,0.2224772945046425,9.661232478916645,8.514137484133244,2021/2022
2958,Oleksandr Zinchenko,15,1026,0,0.48749519884586334,4,2.3100200556218624,12,16,0,0,D S,Manchester City,0,0.48749519884586334,12.096755243837833,9.831302337348461,2021/2022
3389,Benjamin Mendy,1,80,0,0,0,0.2885279953479767,0,2,0,0,D,Manchester City,0,0,0.1654050052165985,0.13293099403381348,2021/2022
6054,Ederson,37,3330,0,0,0,0,0,0,3,0,GK,Manchester City,0,0,9.95296686142683,9.95296686142683,2021/2022
7817,Zack Steffen,1,90,0,0,0,0,0,0,0,0,GK,Manchester City,0,0,0.33525899052619934,0.33525899052619934,2021/2022
8497,Cole Palmer,4,123,0,0.2807210087776184,0,0.4464449882507324,4,2,0,0,F S,Manchester City,0,0.2807210087776184,2.009626030921936,1.3054470047354698,2021/2022
8868,Liam Delap,1,7,0,0,0,0,0,0,0,0,S,Manchester City,0,0,0,0,2021/2022
10126,James McAtee,2,15,0,0.08864869922399521,0,0,1,0,0,0,S,Manchester City,0,0.08864869922399521,0.08864869922399521,0,2021/2022
10174,CJ Egan-Riley,1,1,0,0,0,0,0,0,0,0,S,Manchester City,0,0,0,0,2021/2022
10203,Kayky,1,5,0,0,0,0,0,0,0,0,S,Manchester City,0,0,0,0,2021/2022
8260,Erling Haaland,35,2803,36,32.761399537324905,8,5.8491098545491695,123,29,5,0,F S,Manchester City,29,27.433209866285324,31.963398084044456,3.285816218703985,2022/2023
6055,Phil Foden,32,1837,11,6.185852009803057,6,5.697479462251067,46,44,1,0,F M S,Manchester City,11,6.185852009803057,17.42637488618493,8.101508693769574,2022/2023
10846,Julián Álvarez,31,1416,9,7.753276175819337,0,2.0468210969120264,47,18,0,0,F M S,Manchester City,8,6.992107159458101,13.768698140978813,5.820535558275878,2022/2023
314,Ilkay Gündogan,31,2369,8,7.842695340514183,4,3.444544769823551,54,37,0,0,M S,Manchester City,8,7.081526502966881,23.573771215975285,15.498776016756892,2022/2023
447,Kevin De Bruyne,32,2448,7,4.7582743894308805,16,16.31964398175478,65,97,1,0,M S,Manchester City,7,4.7582743894308805,29.12851269170642,16.633560817688704,2022/2023
675,Jack Grealish,28,2083,5,4.998198181390762,7,7.464956499636173,41,50,3,0,F M S,Manchester City,5,4.998198181390762,18.557112345471978,8.295533634722233,2022/2023
750,Riyad Mahrez,30,1941,5,5.864552567712963,10,6.157492842525244,43,51,2,0,F M S,Manchester City,4,5.1033805115148425,18.33359582722187,11.644092932343483,2022/2023
3635,Bernardo Silva,34,2194,4,2.2564154639840126,5,3.916250504553318,25,30,5,0,D F M S,Manchester City,4,2.2564154639840126,17.542014747858047,13.04661456309259,2022/2023
586,John Stones,23,1852,2,1.3161899587139487,2,1.4483567401766777,11,8,2,0,D M S,Manchester City,2,1.3161899587139487,11.626406718045473,11.451622042804956,2022/2023
2379,João Cancelo,17,1289,2,0.5918373949825764,1,0.8360136020928621,17,12,3,1,D M S,Manchester City,2,0.5918373949825764,8.179260186851025,7.247300129383802,2022/2023
2496,Rodri,36,2938,2,4.119232214987278,6,4.539481725543737,50,32,5,0,D M S,Manchester City,2,4.119232214987278,26.801972568035126,23.071657463908195,2022/2023
579,Nathan Aké,26,1874,1,1.3441827092319727,0,1.09055732563138,9,9,2,0,D S,Manchester City,1,1.3441827092319727,13.650609649717808,13.542976595461369,2022/2023
638,Kyle Walker,27,1957,0,0.3253306970000267,0,0.2089456282556057,5,6,3,0,D M S,Manchester City,0,0.3253306970000267,12.982849795371294,12.794002283364534,2022/2023
2498,Aymeric Laporte,12,993,0,0.7524237418547273,0,0.212882986292243,10,6,0,0,D S,Manchester City,0,0.7524237418547273,3.6240071300417185,3.525606259703636,2022/2023
6054,Ederson,35,3150,0,0,1,0.28556498885154724,0,1,3,0,GK,Manchester City,0,0,10.671811463311315,10.671811463311315,2022/2023
6490,Manuel Akanji,29,2272,0,1.069366091862321,1,0.28084417432546616,15,7,2,0,D S,Manchester City,0,1.069366091862321,12.94707053154707,12.824845530092716,2022/2023
6656,Sergio Gómez,12,326,0,0.3138598967343569,1,0.4458680246025324,7,5,0,0,M S,Manchester City,0,0.3138598967343569,2.0659322142601013,1.6488532945513725,2022/2023
8497,Cole Palmer,14,336,0,0.913382014259696,1,0.6336369244381785,11,5,1,0,F M S,Manchester City,0,0.913382014259696,2.081893088296056,0.8175896219909191,2022/2023
8719,Kalvin Phillips,12,275,0,0.24449077621102333,0,0.13638579100370407,6,3,1,0,M S,Manchester City,0,0.24449077621102333,1.3482624273747206,1.1162777580320835,2022/2023
8786,Stefan Ortega Moreno,3,270,0,0,0,0,0,0,0,0,GK,Manchester City,0,0,0.42193374037742615,0.42193374037742615,2022/2023
8961,Rúben Dias,26,2006,0,1.9355910001322627,0,0.3942475691437721,10,3,3,0,D S,Manchester City,0,1.9355910001322627,12.852464072406292,12.49297409504652,2022/2023
10847,Rico Lewis,14,904,0,0.20031758211553097,0,1.379109164699912,5,11,1,0,D M S,Manchester City,0,0.20031758211553097,6.51468688249588,5.571969419717789,2022/2023
11378,Máximo Perrone,1,17,0,0,0,0,0,0,0,0,S,Manchester City,0,0,0,0,2022/2023
11594,Shea Charles,1,26,0,0,0,0,0,0,0,0,S,Manchester City,0,0,0.129426509141922,0.129426509141922,2022/2023
